rank,nmse,cos,token_str,token_id,position,seq_len,vec_norm,av_parsed,text_preview,explanation
1,1.2635801,0.3682106,7,22,123,512,111.95884,True,"Jsoup crawler and HTTP error fetching URL\nI am writing a crawler with Jsoup and this is the HTTP error I get:\norg.jsoup.HttpStatusException: HTTP error fetching URL. Status=404, URL=https://www.mkyong","Structured Python documentation format with a code block showing a numeric API, following a Wikipedia-style definition pattern with UI element attributes.\n\nThe phrase ""java.util.concurrent.FutureTask<T> class, with method 'waitTime' showing options to check result after request"" is a formatted table with a ""7 options"" label, completing a common pattern of ""returnOptions"" showing the timing behavior of a request.\n\nFinal token ""7"" ends an incomplete parenthetical reference (""7, (7""), part of the ""option 7: results, with return value (7"" clause structure, strongly expecting ""15"" or ""20)"" to close the numeric condition qualifier."
2,1.0386364,0.48068208,'',4605,491,512,122.491486,False,"Is there a way to take a screenshot everytime the key ''Space'' is pressed and released?\nI Don't want to press printscreen everytime, I'd like to take a SS everytime space is pressed and released, and","<explanation>\nLatin/Code error post with user trying to run a script for a discord bot, explaining issues with imports and not working properly.\n\nThe sentence structure ""So i have tryed 'pip install' "" suggests a second point or context about the user's installation or package status, likely mentioning they've already installed some dependencies or a different command/issue related to the bot setup.\n\nFinal token ""''''''''''''''''''''''''''''''''''''''''''''''''''''''''''''''''''''''''''''''''''''''''''''''''''''''''''''''''''''''''''''''''''''''''''''''''''''''''''''''''''''''''''''''''''''''''''''''''''''''''''''''''''''''''''''''''''''''''''''"
3,1.0207131,0.48964402,ab,370,118,375,123.973076,True,"CSS navigation hover dropdown speed?\nI have two problems regarding my code:\n\nNavigation menu when you hover ""Naslovna"" drops down and back up too fast, I would like to reduce the time preferably using","Unix documentation format with a quoted UI element showing a Rails code snippet, implying a search or browsing context about a specific application's UI appearance.\n\nThe phrase ""I have a diary entry for this, in ubuntu 9.10: zab"" is a citation or search term, suggesting a personal blog entry title ""zabab"" or similar, likely a dated or incomplete word.\n\nFinal token ""zab"" is mid-word in a search term (""Zab""), part of a quoted title example (""http://wikipedia/sunab""), strongly expecting ""abu"" or ""wun"" or ""kay"" to complete the blog entry title, likely followed by a date."
4,1.0000857,0.49995762, stub,13633,505,512,137.13898,True,Problems with creating a new/next Android activity\nI just wanted to click on a button in the MainActivity. After I clicked on this button a new activity appears. In this activity is also a button and ,"Greek/English language forum post with structured sections showing Java code for a DVD player, now presenting a second class ""Product"" with a constructor and super class.\n\nThe code block ""public override void onCreate() { super.onCreate(); "" follows a standard Java method signature with a ""MyApp"" implementation, completing a ""super class"" block with a typical ""not implemented"" message.\n\nFinal token ""stub stub"" ends mid-sentence (""super.toString(); { super.hashCode();""), part of a method override block's output, immediately expecting ""super"" or ""        super()"" or ""    super.init(); "" to close the constructor's implementation, continuing the code listing."
5,0.9952981,0.5023513,6,21,366,512,106.84884,True,"cakephp join from sorted and limited row\nI have a working SQL query i want to figure out what would be the CakePHP query builder equivalent to work the exact same way?\nSELECT customers.*, customer_rep","Technical UI code snippet with chat format showing Python script context, using a UI component to display notifications and logs.\n\nThe example date range ""比如今天的数据是：20180625,20180626"" is mid-sentence showing a specific date span with a calendar context, completing a date comparison showing a day beyond the current day.\n\nFinal token ""2016"" is mid-date (""20156""), part of a second date value in a sequence (""This date: 20156...""), strongly expecting ""0127"" or ""1230"" to close the date range showing a day."
6,0.9409603,0.5295203,.,13,319,512,135.16809,True,Ruby program almost all time is from sys time?\nI am working on a Project Euler question. But it take quite a long time (30 Minutes last time) for my PC to get the answer.\nWhen doing time command on my,"Structured data table format with numbered statistics and formatted text blocks continuing a Python library report pattern, with a specific chart title and formula.\n\nThe quoted statistic mid-sentence (""Sum of Month 11 and 12: 0.3, with the average"") follows a common math library format listing ""Delta"" values, completing a third term ""The Delta function with its own value.""\n\nFinal token ""0."" is mid-number in a parenthetical value (""0. ... plus 0. ""), part of a third statistic item listing (""The sum of Trees, a new month's data""), immediately expecting ""12"" or ""3D"" or ""area to sum""."
7,0.89781636,0.5510921,={,1165,469,512,118.643585,True,"Save avatar from facebook in allauth\nThere are questions here which answer this, but my case is different. \nInstead of letting allauth create a new user I'm catching wheter or not the email exists and","Structured Django/WordPress post with metadata and content blocks, now displaying a formatted list of social media links with a Twitter widget.\n\nThe quoted code snippet ""image_url = 'https://s3.amazonaws.com/static/image?size={size}&quality=95'"" is a URL formatting string for Gravatar, following a standard Django template syntax with a numeric fallback size parameter.\n\nFinal token ""={ "" is mid-string inside a quoted numeric value expression (""size={size}""), part of a Gravatar image sizing convention (""height=...&width={""), immediately expecting ""999}"" or ""size}"" to close the placeholder expression, likely completing the font-size parameter."
8,0.89576906,0.5521158, |,760,462,512,114.94622,True,"About Encoding when read file .txt in R\nI want to import a text file to R. I used encoding ""UTF-8"". \ndf1 <- read.delim(path, sep = "","", header = F, colClasses = ""character"", encoding = ""UTF-8"") \n\nI wa","Technical UI documentation format with numbered list of Java compiler errors, showing formatted hexadecimal values with Unicode characters and their decoded representations.\n\nThe specific Unicode character sequence mid-sentence (""char: 241 222 223 |..."") is mid-example of a corrupted float format, with the ASCII art breakdown of the truncated ""ñ"" character continuing the pattern.\n\nFinal token "" | |"" is mid-quote of the ASCII art breakdown ("" 160 | 251  |""), directly continuing the parenthetical numeric breakdown of the corrupted byte sequence, expecting ""wZ "" or "" .Z... "" completing the Spanish character interpretation."
9,0.88154656,0.5592273,3,18,112,512,105.82985,True,"ERROR TypeError: this.route.params.flatMap is not a function\nI just want to make the transition to id. Well, or something like that (I just do not know how to explain it). In general, when you press a","Structured reference format with numbered sections and quoted text from a JavaScript library, following a pattern of code blocks and formatted definitions.\n\nThe parenthetical citation ""5.15.1 - The TypeScript source code of the core library, 13335...from the browser to the document"" is mid-sentence, referencing a famous ES6/MDN source code block with a specific numeric range.\n\nFinal token ""13"" is mid-number in a numeric range (""13""), part of a parenthetical math expression (""this.s, 13...""), strongly expecting ""99"" or ""999"" to complete the DOM traversal context."
10,0.8757346,0.5621331, the,279,156,512,86.69002,True,"Accessing a value in a tuple that is in a list\n[(1,2), (2,3), (4,5), (3,4), (6,7), (6,7), (3,8)]\n\nHow do I return the 2nd value from each tuple inside this list?\nDesired output:\n[2, 3, 5, 4, 7, 7, 8]\n","Python code snippet with variable formatting and list comprehension context, informal tone with error messages and troubleshooting advice about `itertools` and `range`.\n\nThe sentence ending ""if you are getting confused about 'while the"" appears to be a closing remark or additional unrelated Python concepts, suggesting a broader complaint or quote about Python docs or library usage patterns, possibly referencing another error or concept.\n\nFinal token ""the"" is an incomplete noun phrase mid-sentence ("" of the the""), part of a clause listing ""if you have issues with the docs or the"" — expects a noun like ""same thing"" or ""pythonic nature"" or ""other builtins"" or ""docstring/other issues."""
11,0.8753622,0.56231946,O,46,476,512,119.475464,True,"What to use instead of ""goto""-method in my code?\nmenu2:\n    WriteLine(""New category"");\n    WriteLine(""***************************"");\n    WriteLine();\n\n    Write(""Name: "");\n\n    string categoryName = R","Historical/technical prose format with numbered image captions and quoted product descriptions, mixing weather app UI elements with mathematical equations and plant growth context.\n\nThe quoted phrase ""My code is also running a 30day forecast...and this one has a nice smooth derivative"" ends with a parenthetical expression listing a specific visualization preference (""imagesO of the fruits""), suggesting a quoted phrase about artistry or chemistry.\n\nFinal token ""O"" is mid-word in ""O"" within a quoted list of expressions (""expressionsO...""), likely completing ""expressionsO...with"" or ""Sakura"" or ""a negative term,"" continuing a parenthetical qualifier about temperature."
12,0.8455172,0.5772419, ,220,377,512,158.92607,True,mysql_insert_id() on galera mysql cluster\nI have percona mysql galera cluster. It inherited a MyISAM database.\nIn order for the galera to work it had to alter to innodb. Replication is working so far ,"Old MySQL expert's answer, with informal tone and technical advice about `SHOW INDEX` and `COUNT(*)`.\n\nThe final sentence ""My 'max_connections' is 150; let's discuss InnoDB's buffer_pool."" is a standard MySQL answer pattern, ending with a quote from Bill, who is known for his 'Three Rules' about indexing.\n\nFinal token ""rulesicates  "" closes a parenthetical clause (""That is a 'Slow' habit; I am a MySQL fan...""), strongly expecting ""It"" or ""Other questions"" or ""This is about..."" or ""The three numbers"" to complete the reference to his optimization advice."
13,0.843221,0.57838994,q,80,231,512,122.74735,True,"How can I make an SVG fluid in width and height to be scalable to any size via CSS?\nLet's see a simple SVG example from Google Material Symbols (Person icon):\n\n\n<svg xmlns=""http://www.w3.org/2000/svg""","UI code snippet with emoji chart formatting, mixing JavaScript and CSS, showing a timeline of iOS UI elements with emoji animations.\n\nThe quoted CSS/JavaScript snippet mid-expression is a classic Emacs color scheme pattern (""m:0.5 0.5 0.5 q 1q""), listing a sequence of quadrant positions for the ""Happy"" chart, with a historical timeline calculation.\n\nFinal token ""qq"" is mid-value in a nested `q:1q` sequence of `histogram(2)q 0q, q 1q`, expecting continuation like ""0 1 0"" or ""1 0 0"" to complete the quadrant's positive value."
14,0.82695645,0.5865222,1,16,202,512,103.148315,True,"Please change automatic duplicate comment to be more polite\nWe get a lot of duplicate questions from new users. We want to mark those as duplicates, but not scare off those new users. Right now, the a","Formal response structure with a humorous tone about a character's gratitude, presenting a historical context about a proposed idea and its approval.\n\nThe phrase ""Thank you for the message, with the full context of the conversation:"" signals a closing remark or summary, suggesting the text is a chat log or document update, likely followed by a concluding remark or reflection on the original message's content.\n\nFinal token ""11\n"" ends an incomplete clause (""The following is the full text of your message...""), strongly expecting ""s, this is a..."" or ""The story is now outdated"" or ""This email"" or similar closing phrase completing the narrative about the author's reaction to the update."
15,0.82577026,0.5871153,/p,4322,416,512,120.63017,True,"How to ignore extra results that I consider duplicates based on property?\nIt might a long shot, but here we go. Let's suppose I have the following document definition:\n\npublic class Test1 {\n    public","Code snippet pattern with structured technical answers showing Go language implementation details, now transitioning to a specific GitHub code example with a URL and a Google Colab link.\n\nThe sentence ending ""I've checked the Google Script for generating the sequence, my version is here: https://drive.google.com/p"" is a citation with a code challenge puzzle reference, likely a URL for a specific Google Colab token.\n\nFinal token ""p"" is mid-reference (""https://drive.google.com/p""), part of a quoted URL identifier (""My attempt: https://github.com/.../p""), expecting a token like ""hWZKZj"" or ""kZKZj"" completing a puzzle."
16,0.81895715,0.5905219, ,220,204,299,111.39209,True,"GoJs Diagram after expanding is changing the scroll position\nI have an expand button clicking on which expands the diagram to full scale. But after scrolling, the scroll bar automatically scrolls down","Technical forum post with code snippet showing a UI element using `Plotly` and `Mathematica`, suggesting a solution or workaround for the `OnAction` event.\n\nThe phrase ""My approach would be to set the default values using the `Random` method... "" signals a code answer or advice section, implying a code block or method to achieve the desired behavior.\n\nFinal token ""  "" opens a quoted phrase mid-sentence (""To achieve this I would use the `DataModel` methods and...""), strongly expecting continuation like ""DataModel"" or ""1. Use the following:"" or ""This can be done by..."" or ""The values are:"" listing specific methods or strategies."
17,0.80618584,0.59690726,in,258,257,512,116.49776,True,Error loading rubygems\nDuring an operation (rspec related) that required loading rubygems (from config/boot.rb file) I got the following error message:\n~/config/boot.rb:1:in `require': no such file to,"Ruby documentation format with code blocks showing Rails source code, structured with numbered sections listing method definitions from `irb.rb`.\n\nThe quoted code block mid-sentence (""require 'rubygems' ... def initialize; ... ensure; ... end; ..."") is listing nested method calls with identical pattern (""each method called twice""), showing a Ruby `each`/`collect` block with a closing parenthesis.\n\nFinal token ""in"" ends an incomplete quoted string mid-sentence (""self.each do ...; self.each do ...; return true; in end, self.each do""), strongly expecting "" 'load_files'"" or "" `load_files`"" to close the second repeated method definition."
18,0.76686764,0.6165666,8,23,100,203,107.55248,True,Compile Python Program Linux\nIs there a way where I can compile my python program (.py) to become just a regular program that I don't haft to run threw the terminal to run it???\nExample I don't wanna ,"Arabic forum post format with technical software description showing a video screenshot, implying informal image sharing context with quoted URLs and file sizes.\n\nThe phrase ""i have tried to make this look better but its still a very large image...http://www.imageshack.us/48"" is a parenthetical example with a numeric value, suggesting a second image link or similar number of corrupted files.\n\nFinal token ""88"" is mid-number in an image description (""48, 48""), part of a quoted example list (""http://www.imageshack.us/88""), strongly expecting continuation like ""59image.jpg"" or ""corruptedgraph.gif"" or similar."
19,0.7638836,0.6180585,}\,11035,241,512,92.7349,True,"Proof by induction $(1+\frac{1}{n})^n < \sum^n_{i=0} \frac{1}{i!}$, $\forall n\ge2$\nI'm stuck with this proof, this is what I did:\n$n=2: \bigg(1+\cfrac{1}{2}\bigg)^{2} < 1 + 1 + \cfrac{1}{2}$\nwhere ve","Mathematics student post format with numbered steps showing derivative calculations for a rational function, establishing pattern of proving a product rule via binomial expansion.\n\nThe expression ""So we have the formula: (1+1/n)(1+1/n)(1+1/n)"" mirrors the original factorization setup, with the second term involving the derivative term being added to the denominator.\n\nFinal token ""1\)"" closes an incomplete parenthetical expression mid-sentence (""$(1+\frac{1}{n})(1+\frac{1}{n}""), immediately expecting "" ) * original"" or "" \times (1+other terms)"" or ""times the original fraction,"" continuing the pattern."
20,0.74591696,0.62704176,begin,7265,373,512,81.82011,True,"At what time of day does the illuminance coincide with that on my planet at noon?\nMy planet (I'll call it $P$ for practical reasons) is 2 AU from the Sun, a distance in which it receives 25 % of the s","Student Physics forum post structure with numbered steps analyzing a planet's orbital motion using Lambert's formula, comparing Earth and Moon values.\n\nThe sentence ""Now we need to find the value of I for the new planet, knowing the intensity from Earth"" introduces a calculation step where the known intensity values from Earth are transferred to the new planet's sphere, implying a specific numerical substitution or equation.\n\nFinal token ""beginning"" ends mid-sentence (""Since: substituted""), part of a list of known values (""So we have: I₁=...""), expecting continuation like ""I_earth=..."" or ""The two values for the new sphere's intensity"" or ""15.5km/s substituted."""
21,0.73814744,0.63092655, Count,4504,421,512,117.74532,True,"Pandas Dataframe - Generate incremental values\nIn my workflow there are multiple CSVs with four columns OID, value, count, unique_id. I am trying to figure how to generate incremental values under uni","Structured SAS code output with formatted table display, following a pattern of showing a transformed dataset with ""proc sgplot"" results.\n\nThe pattern ""Row 1: 0 1 2 3"" mirrors the original dataset's column values, now showing the ""Count"" column results after the ""X"" variable transformation, completing the example with the same variable name ""Count.""\n\nFinal token ""Count"" ends mid-value in a repeated column display ("" Count  Count""), directly continuing the numeric values shown (""0 1 2 3""), strongly expecting ""Count"" or ""New value"" or ""Variable"" to close the second column's numeric display, completing the example."
22,0.732995,0.6335028,2,17,147,384,100.676476,True,"how to integrate my business with whatsup business api?\nI am trying to integrate my business with whatsup business api.\nDo I need to download, install business app and makes requests or I can use only","Technical CLI documentation format with code examples using `docker compose` and `k8s` commands, showing a UI configuration snippet.\n\nThe parenthetical example ""To force the version of the container (e.g. `IMAGE_VERSION=2.2.1`)..."" suggests a version string with a specific version number, likely a quoted or incomplete version specification for the `argocd` CLI.\n\nFinal token ""2.2"" is mid-number in an incomplete version string (""docker run -e VERSION=1.2.2 (2.2""), expecting continuation like `...)` or `version)` or ""run)"" to close the version specification with a specific version."
23,0.7329222,0.63353914,):,1648,246,512,101.723946,True,"App crashed when installed from Market but not if the Apk is installed manually.\nMy App works fine if I just install it manually by moving the apk onto the phone and installing it, however when I put ","Java API documentation format with Android logcat error output, showing formatted stack trace from a `ArrayAdapter` constructor.\n\nThe pattern ""java.lang.RuntimeException: Unable to start activity ComponentInfo: android.util.Log.println(Ljava/lang/String;)V"" mirrors a standard Android error block with quoted Java code excerpts, followed by a closing quote and ""at"" lines listing stack trace entries.\n\nFinal token ""trace):"" mirrors the earlier quoted error pattern (""java.lang.RuntimeException: ... android.util.Log.println(Ljava/lang/String;)V\njava.lang.RuntimeException: ...""), strongly expecting ""     at android.os.Bundle.finish()"" or ""      [continued] the error occurred."""
24,0.7305421,0.63472915,begin,7265,436,512,93.95384,True,"What is the limit of\nHow can you calculate\n$$\lim_{x\rightarrow \infty}\left(1+\sin\frac{1}{x}\right)^x?$$\nIn general, what would be the strategy to solving a limit problem with a power?\n\nwrite it as ","Math Stack Exchange format with multiple answers continuing a calculus problem involving exponential series, now transitioning to a limit expression with logarithms.\n\nThe text ""So we have : $\lim_{n\to\infty} \sum_{k=1}^n a_k^x = e^x$ implies"" signals a definition or limit expression for a sequence's logarithm, likely introducing a logarithmic limit property.\n\nFinal token ""begin"" is mid-expression (""Let's denote the limit as""), part of a formal derivation setup (""Then we have:""), expecting continuation like ""l = lim ln(a_n)"" or ""sum of logarithms of terms equals..."""
25,0.724348,0.6378265, can,646,449,512,102.31386,True,Why setting HashTable's length to a Prime Number is a good practice?\nI was going through Eric Lippert's latest Blog post for Guidelines and rules for GetHashCode when i hit this para:\n\nWe could be eve,"Indian tech/algorithmic code with detailed comments explaining data structures, now presenting a complex C++ optimization discussion with a mathematical formula.\n\nThe final quoted string mid-sentence (""Another invariant is that HashInt's minval is least common type... If x can"") is a technical claim about integer type enumeration properties, with a parenthetical clause about the variable's range or distribution.\n\nFinal token ""can"" ends an incomplete clause (""If x can""), part of a nested conditional clause about the variable ""k"" and its universal property (""If k can...""), expecting continuation like ""be any value then..."" or ""represent all primes, then this..."" completing the probabilistic assumption."
26,0.72250164,0.6387498,h,71,174,203,109.31854,True,"Devextreme list doesn't retain selected item\nI have a simple react app with 2 components. On the left, there's a devExtreme list and on the right, there's a 'detail' pane. When I click an item in the ","Technical UI component documentation with markdown format, showing charts and animations in a GitHub context, with a specific example of a stacked bar chart.\n\nThe phrase ""so i tried this one : https://stackblitz.com/6hnhh"" appears to be a code example link or tweet handle, likely a personal demo or creative tag, suggesting a specific GitHub issue or image reference follows.\n\nFinal token ""h"" is mid-word in ""6knhh"" — part of a specific GitHub username or code snippet identifier (""https://6knhh""), immediately expecting continuation like ""j"" or ""v"" or ""wonderful"" or ""k"" completing the example name."
27,0.72114706,0.63942677,_index,3560,342,353,103.071686,True,"How do i transpose a pandas Dataframe in a way, in which I am only gonna need two columns and one column is for the headline\nI have a Dataframe which looks something along the lines of this:\n\n     A  ","Python code block with dual visualization context showing correlation and regression analysis, with numbered subplots and variable transformations using `pd.DataFrame`.\n\nThe pattern ""Another attempt to fix the df.head() error with the same code"" mirrors earlier code block structure, now showing a second `df.reset_index()` call with the same error message and incorrect `pd.DataFrame.drop` syntax.\n\nFinal token ""index"" is mid-sentence (""df.reset_index().index.drop(index=True) level=0 pd.DataFrame.reset_index""), directly continuing the repeated error message pattern, expecting ""(...index=True,columns=True)"" or ""pd.DataFrame.columns)"" to close the repeated `reset_index` expression."
28,0.7158083,0.6420962, my,847,23,512,124.769585,True,"Osculating spaces and distributions on (real) Grassmannian manifold\nHello! Recenlty, doing my research, I came across a quite natural construction, and I would like to know more about it. Unfortunatel","Bulgarian math forum post (mathoverflow style) with a question about Lie algebras and tensor products, suggesting informal academic tone with a personal query.\n\nThe phrase ""While doing my"" begins a personal statement (""During my...""), implying a student's ongoing work or research activity, likely a math paper or exercise, suggesting continuation about a mathematical task or finding.\n\nFinal token ""my"" is mid-phrase (""doing my""), part of an incomplete personal declaration (""While doing my...""), immediately requiring a noun like ""homework"" or ""usual research,"" or ""some calculations,"" or ""usual stuff about representation theory,"" completing the context of a mathematician's idle inquiry."
29,0.71202916,0.6439856,0,15,327,512,105.43278,True,"Kernel Panic - not syncing: VFS Unable to mount Root is on unknown-block(0,0)\nI received a Kernel Panic error after updating Ubuntu server.\nAfter passing the GRUB menu, I received the following error.","Technical Linux kernel dump format with assembly disassembly listing, showing crash log entries for a Windows XP kernel module.\n\nThe line ending ""00000000 00000000 00000000"" appears to be a memory address or register value sequence with a hex dump continuation, listing kernel variables and stack pointer values for the crash context.\n\nFinal token ""0000"" is mid-hex value in a memory address or variable assignment (""80000000 80000000""), expecting continuation like ""f8c0000"" or ""0000000""."
30,0.7117706,0.6441149,5,20,117,433,114.48564,True,"Convert NSData (in plist format) to Java String\nHey guys, I have a Cocoa application that sends an NSDictionary over the network to various devices. Previously, it only sent to other Macs, so using NS","Technical HTML/CSS code snippet with a JavaScript console log pattern showing a 3D object rotation, referencing a specific library or attribute.\n\nThe quoted string ""var r = 61 65 73 65"" is mid-sentence listing a C-style string (""version: fe""), clearly a quoted standard property from the ISO/IEC encoding context, likely referencing `vew`.\n\nFinal token ""ve"" is mid-string in a quoted hexadecimal value (""version: fe""), part of a parenthetical attribute list (""char 'be5e""), expecting continuation like ""f8"" or ""b6"" or ""b60"" describing default encoding."
31,0.70150566,0.64924747,-,12,209,512,113.61835,True,"Calculate each overlapping date ranges from two independent databases in r\nI have two independent two databases, one contains followup data (start date and end date). As follows:\n> data1 <- data.frame","Formal academic/technical format with structured Excel schedule notation showing timeline data for Indian Railways, listing sequential events with parenthetical dates.\n\nThe pattern ""And the second model: I change the period [Jan-Mar] to [Apr-Jun] and the second period [May-Sep]"" mirrors the second example's specific date range with the same negative revenue clause for the loan period.\n\nFinal token ""9- "" is mid-date in a parallel negative revenue clause (""2018-""), directly continuing the second loan period's specific date values (""until 2018-""), strongly expecting ""06-Sep"" or ""12-Mar"" to close the second loan cutoff."
32,0.6998426,0.650079,1,16,475,512,100.27359,True,"JavaScript how to create a assertion to test if a string list include some sub-string\nI have a string list(error message list) looks like following\n[\n  ""Variable \""$staffMemberInput\"" got invalid valu","Structured Python code format with a formatted prompt using markdown, showing a solution attempt with a formula to calculate the sum of a list using `filter` and `reduce`.\n\nThe phrase ""Since you've already provided the code, I'll use your approach to solve this"" signals a closing remark with the full example being reproduced, implying the answer continues the same pattern of code output.\n\nFinal token ""1"" is mid-number in ""191... or the entire code snippet you provided above\n[the answer is almost like this]"" — expects ""...but"" or ""s to the question"" completing the parenthetical aside, then likely ""...this code can be rewritten."""
33,0.6991261,0.65043736, NA,20662,253,464,118.28218,True,"Apply row-wise Reduce with mutate_?\nI have a dataframe with lots of columns, including four that represents sub-categories.\ndata.frame(site_name=c(""bla"",""blo"",""blu""), page_1=c(NA,NA,NA), page_2=c(NA,""","Python code snippet with formatted table output using `pandas` and `numpy`, showing sequence of `seqdiag` commands with colored labels.\n\nThe pattern ""Test: seqdiag 'R' 'B' 'G' 'R' 'B'"" mirrors a specific result pair showing two repeated values (""matrix\nNA\nsequence""), with the second item's value now completing the ""naive"" label.\n\nFinal token ""NA"" is mid-value in a second quoted result pair (""matrix\nNA\nNA""), directly continuing the parallel comparison of ""sinus 3 days, cosine 3 days"" results, strongly expecting "" cosine"" or ""  naive sequence""."
34,0.6980947,0.650953,4,19,487,512,112.110954,True,"Rolling window working in pandas but not in koalas\nI have a rolling window computation that works in pandas but not in koalas, and I am wondering why:\nimport pandas as pd\nimport databricks.koalas as k","Structured Python visualization output with formatted table display showing time series data for a model, with labeled columns and values.\n\nThe specific example ""row 1: 0.000000 123.456789"" mirrors a numeric value from the correlation timestamp sequence, continuing the quoted timestamp format with the same long decimal number already shown.\n\nFinal token ""44"" ends mid-value (""1.382584523456784""), part of a repeated timestamp entry in the correlation column, strongly expecting ""5"" or ""..."" to close the timestamp, completing the numeric sequence of the first observation."
35,0.69572276,0.6521389,5,20,401,512,105.76748,True,Call current date&time into dynamic variable in Powershell\nI need to create some logs that contain the current time\nI don't want to repeatedly call the Get-Date cmdlet\nHow can I simply set a dynamic v,"Technical log format with Python script output showing daily task timing statistics, listing timestamps for a Windows application's heartbeat and sleep intervals.\n\nThe pattern ""And the second column shows the timestamp of the heartbeat check, with values: 158585ms, 15855"" is mid-sentence comparing two consecutive Windows process timestamps, with a second numeric value for ""polling delay.""\n\nFinal token ""5"" is mid-number in ""15855"" (a second timestamp value), part of a parallel numeric comparison list of polling interval timings, strongly expecting ""3"" or ""4"" to complete the millisecond value for the second measurement."
36,0.6936246,0.6531879,0,15,240,494,116.64393,True,How to get the SVN revision number in certain Date or date range\nHow can I get the revision number of a branch on certain date.\nI have tried :\nsvn checkout -r {2006-02-17}\n\nbut can't get any output.\n\n,"Technical documentation format with code examples and UI output, showing a Mercurial commit log with a specific patch diff.\n\nThe quoted string ""r1234: [user] 2010-05-14 15:15:45 +0000"" is a timestamp in Mercurial's log format, mid-sentence describing a commit date and timezone.\n\nFinal token ""0000"" ends an incomplete timestamp expression (""2010-05-14, +0000""), strongly expecting "" (commit)"" or "" (author)"" or "" (1)"" to complete the time attribute."
37,0.693191,0.6534048,",",11,74,512,137.299,True,"Duplicate values being added to ArrayList\nI have created a custom list adapter and I am trying to list the data from an SQLite database. My list is outputting the correct amount of DB records, but has","Indian language article structure with code snippet format, showing a Google Android app download link and a Java AsyncTask for downloading YouTube video.\n\nThe pattern ""public class Download extends AsyncTask"" is a standard Android AsyncTask syntax with ""publishProgress"" method signature, implying the typical parameters ""Void, Void"" pattern from Android's AsyncTask documentation about progress updates.\n\nFinal token ""Void,"" is mid-parameter list in an AsyncTask declaration (""public void onProgressUpdate(HashMap<String,""), immediately expecting ""Void, Void>"" or ""String, Void>"" to close the parameter list, likely followed by ""String, Integer, Boolean>"" or similar progress update parameters describing the download process."
38,0.69253224,0.653734,/l,13328,132,140,138.87204,True,"Cyrillic suddenly turning into question marks\nI've made an application which shows cyrillic text, but all of a sudden all the cyrillic turned into question mark signs inside a squared box. This has no","Technical Microsoft Excel formatting article with practical tips, mixing UI elements and code examples around ""bold"" and ""italic"" attributes.\n\nThe citation ""See the Microsoft Office article on color codes"" is a hyperlink to a reference article about language localization, with a common URL pattern (""http://www.techonthenet.com/excel/tips/languages/l"") suggesting a FAQ or list article.\n\nFinal token ""l"" is mid-sentence in a quoted reference (""http://www.techonthenet.com/excel/l...""), part of a parenthetical reference format (""An Excel tip article on color codes: http://www.microsoft.com...""), expecting ""colorcode.htm"" or similar."
39,0.68766403,0.65616834,b,65,420,512,106.96751,True,"tr command unable to process colour output piped from grep\nI'm running macOS 12.3.1\nI added a couple of lines to my .zshrc, viz.\nexport GREP_OPTIONS='--color=always'\nexport GREP_COLOR='1;35;40'\n\nAfter","Technical Unix man page format with color-coded hexadecimal output display, showing cryptographic algorithm details with ASCII encoding and hexadecimal values.\n\nThe quoted ASCII string mid-sentence (""openssl> 0x1b3d2b20 2b 0a"") is listing a decoded expression with parenthetical characters, completing a hexadecimal expression "" +b"" and its corresponding ASCII value.\n\nFinal token ""plus"" ends an incomplete quoted ASCII value (""string 2b...b+""), directly continuing the parenthetical example pattern (""print 0x2b...""), expecting "" 0x2b"" or "" .hex"" or "" ...close parenthesis"" to close the expression."
40,0.6868457,0.65657747,Object,1190,344,512,118.89549,True,Why AWS Lambda function in Java returns blank JSON\nI am not getting why my AWS Lambda function returns {} i.e. blank JSON even if there is a response getting print CloudWatch log.\nHere is my code. Fet,"Java developer blog format with code blocks showing Spring Boot REST processing, continuing a method implementation pattern with detailed logging and parsing of Amazon S3 objects.\n\nThe section ""2. Fetching InputStream from ObjectMetadata"" mirrors the previous method with ""getInputStreamFromObject"" method, now specifically addressing the BufferedInputStream of the ObjectContent for the DocumentReader.\n\nFinal token ""ObjectObjectObject"" is mid-sentence (""readFromS3Object""), part of a method call listing the three InputStream sources for the BufferedObjectContent, immediately expecting ""InputStream(FileObject)"" or ""S3ObjectInputStream, FileObject)"" or ""InputStream(S3Object)"" to complete the method."
41,0.6853386,0.65733093, @,569,300,512,109.19021,True,An elementary explanation of the fact CAT has no subobject classifer.\nProof idea: The proof proceeds via construction of a contradiction if a subobject classifier $\Omega$ were to exist in $CAT$. I as,"Mathematical exposition with LaTeX formatting and categorical diagram notation, defining a function and its properties using a diagram with arrows and symbols.\n\nThe equation pattern ""f: *X*→*Y*; @ @ @ @ @ @ @ @ "" is a commutative diagram with a pullback definition, showing a diagrammatic equality with a zero object and empty set.\n\nFinal token "" @ "" is mid-expression in a LaTeX matrix notation sequence ("" 0 @ @ @ @ @ @ @ @ @ @ @ ""), immediately expecting a continuation like ""v"" or ""is"" or ""downarrow"" or ""empty"" to complete the second column's identity or nullity condition."
42,0.6853355,0.65733266,3,18,344,512,109.55808,True,jquery show/hide and counter function for individual entries\nThis is a follow-up to my question yesterday. The function adds to a counter and shows information when the star is clicked (and vice versa,"Technical PHP code snippet with formatted UI display of array data, showing a JavaScript variable with formatted values for a search result.\n\nThe quoted string ""var count = 0; <span style='color:blue'>Math.round(Math.random()*10) + ' '</span>"" appears to be mid-expression describing a third item in a product status label (""... * 3 dots""), suggesting a closing phrase or separator.\n\nFinal token ""cumb * "" is mid-expression inside a parenthetical clause ("" ³ *""), strongly expecting "" [Description]"" or "" A cumulative"" or "" ; "" to complete the separator describing the empty state's percentage."
43,0.6813178,0.6593414,"
",198,189,512,117.647865,True,"How find this $x_{1},x_{2},\cdots,x_{1994}$ with this following system equation $3+2x_{i+1}=3|x_{i}-1|-|x_{i}|$\nFind the all real numbers $x_{1},x_{2},\cdots,x_{1994}$ such \n$$3+2x_{i+1}=3|x_{i}-1|-|x","Chinese math forum post format with symbolic expression and integral calculation, showing a sequence of inequalities involving trigonometric functions and series.\n\nThe pattern ""求解方程:$f(n)=n^2+2n+1$ 第一行开始\n$1,2,3,...$第二行开始"" establishes a list format listing terms of an infinite sequence, implying continuation of the sequence description.\n\nFinal token ""term\n"" closes mid-list (""3.\n...第二行开始\n...第三行开始\n""), strongly expecting ""...其他项"" or "" \sum_{n=1}^{\infty}..."" or "" \cdots the rest of the sequence."""
44,0.6707358,0.6646324,",",11,72,512,111.47854,True,"Associating original data with Kmeans clusters\nI am using scikit-learn. Suppose we have data as follows:\na = [1, 2, 3, 4, 5, 4, 3, 2, 1]\nb = [2, 1, 3, 4, 6, 7, 7, 4, 2]\nc = [2, 3, 4, 3, 5, 6, 6, 6, 4]","Structured Python code format with numbered lists and formatted data display, following a pattern of ""Matrix"" and ""List"" entries from a math problem.\n\nThe quoted sequence ""a, b, c = [1,2,3...]"" mirrors the given list of seven elements from the second dataset (""7,14,21...""), with the same pattern of reversed or scrambled sequence.\n\nFinal token ""7, "" is mid-list within the second set of seven elements (""[7,14,11, ... ,7,7, ""), immediately expecting ""9,15"" or ""13]"" to complete the seven-item sequence of a second dataset's coordinates."
45,0.66594213,0.6670293,asse,13256,28,512,126.6204,True,"How does velocity cause time dilation?\nI've been trying to learn about the speed of light and time dilation, but I'm at an impasse.\nThe presented facts say that if I travel around the solar system at ","Math forum post format with informal tone (""I'm trying to understand...""), suggesting a user seeking clarification about a physics concept involving derivatives and limits.\n\nThe phrase ""I have a textbook I'm working through, but I'm at an impasse"" signals a specific question or confusion, implying a quoted or formatted problem statement follows, likely a personal struggle with a particular concept or proof.\n\nFinal token ""impasse"" ends an incomplete clause (""I'm stuck on a point, and I'm at an impasse""), part of a personal confession structure (""I'm stuck on this, but I'm at a impasse""), strongly expecting continuation like ""because"" or ""of my understanding"" or ""about."""
46,0.66465175,0.6676745,:,25,495,512,92.75814,True,Vlookup equivalent in VBA for DATE AND TIME with APROXIMATE MATCH\nHere is the summary:\n\n\nHere is the problem in details:\nI have a high school class time table saved in a worksheet named shtSrc.\nThe ti,"Statistical/academic format with R code output showing student data visualization, listing time intervals for a clock schedule with colored bars.\n\nThe pattern ""And the second graph is showing the same data for the second exam, from 00:00 to 23:59"" mirrors the second example's final time value ""20:55:00,"" completing the same long-duration example.\n\nFinal token ""20: "" is mid-value in the second repeated example's closing time (""16:00 to 20:...""), strongly expecting ""00"" to close the second exam's end time, continuing the same data sequence."
47,0.6634141,0.66829336,.,13,447,512,112.96736,True,"RevoScaleR functions fail over Rserve on Linux\nI'm trying to run Rserve on Microsoft R Client and execute RevoScaleR functions over a network connection. I can run non-RevoScaleR functions, but RevoSc","Mathematical reference text with structured statistical tables and LaTeX formatting, presenting R's `norm` function with historical context and numerical values for cumulative distribution functions.\n\nThe final quoted sequence ""The third graph shows the integral of the normal density, giving 45.5, 53.5, and 41."" is mid-sentence describing a specific cubic value of the water vapor integral.\n\nFinal token ""41."" is mid-quote of a specific numerical value (""41...""), completing the example of the final cubic term (""41...""), strongly expecting ""85"" or ""095"" or ""the vapor"" to close the quoted phrase about water disappearance."
48,0.6630983,0.6684512, matlab,76001,72,512,100.663246,True,Converting a scipy.sparse matrix into an equivalent MATLAB sparse matrix\nI have a scipy.sparse.lil_matrix that I want to feed into a MATLAB method (that is not written by me) using the MATLAB Engine A,"Python code snippet with scientific computing context using numpy and scipy, showing a method to speed up matrix operations by precomputing in python before calling into matlab.\n\nThe sentence structure ""I tried to modify the python code to pass the calculated values to the matlab function and modify the matlab"" implies a second clause completing the goal of modifying matlab's internal data structure, continuing the warning about matlab output.\n\nFinal token ""matlab"" ends mid-phrase (""the matlab""), part of a clause listing two actions (""modify both the python code and the matlab""), strongly expecting ""function call"" or ""code"" or ""output variable"" or ""matlab script"" to close the warning about destination."
49,0.66281813,0.66859126,i,72,379,491,114.1197,True,"How to bundle httpie with httpie-aws-authv4 into Python zipapp?\nIt is straightforward to package httpie into a Python ""PYZ"" (zipapp), e.g. using\n$ pip install --upgrade zapp\n$ zapp httpie.pyz httpie._","Python code block with CLI output formatting and test suite context, showing a merged Django settings file with a specific patch for `urlpatterns`.\n\nThe code snippet ending ""patching settings.py to add my middleware"" is mid-line with a quoted string of Python code (""print 'import my middleware' + ...""), suggesting a specific line of a `settings.MIDDLEWARE` list modification or custom behavior.\n\nFinal token ""i"" is mid-string inside a quoted patch insertion line (""print 'i\n.add\ni""), immediately expecting continuation like ""middleware.append('my_custom')"" or "" #default_middleware"" or "" \n\tdefault_middleware = True"" to complete the patch."
50,0.6619576,0.66902137, ,220,81,357,106.83721,True,How do I plot a Seaborn FacetGrid with the result of the `groupby`?\nI have the following pandas Dataframe:\n             A  B              C\n0   2017-01-01  1   4.199197e+06\n1   2017-01-01  2   8.70830,"Python code snippet with a DataFrame visualization context, showing a sequence of numeric values from a simulated dataset with ""time"" and ""value"" columns.\n\nThe pattern ""df = pd.DataFrame({'time': [1, 2, 3], 'value': [1, "" establishes a repeated list of integer indices with paired values, suggesting continuation of the same patient index data.\n\nFinal token ""  "" is mid-value in a second example item (""index  2,  ""), part of a comma-separated list of repeated integer values for another patient, strongly expecting ""2"" or ""3,"" or ""4,"" continuing the patient index sequence."
51,0.6584953,0.67075247,8,23,185,512,105.37408,True,"Asymptotic behaviours from Fourier transforms\nI have completely forgotten how one derives the asymptotic behavior in frequency space, given the asymptotic behavior of the function in real space (e.g. ","Structured mathematical article with Wikipedia-style formatting, presenting a physics paper on the Catalan numbers with a figure caption and citation context.\n\nThe phrase ""The concept of the Lambert W function is named after the mathematician's name, with a competing notation"" is mid-quote, referencing a historical notation conflict or a mathematical definition involving ""Euler's identity,"" suggesting a truncated or complex expression.\n\nFinal token ""8"" is mid-suffix in ""Euler8888"" (a Greek letter notation), part of a parenthetical citation or historical reference expression (""W'8""), strongly expecting ""8's theorem"" or ""0–Hilbert"" or ""1's notation."""
52,0.6567152,0.6716427,3,18,410,512,134.91936,True,Restoring a BOOL inside an NSDictionary from a plist file\nI have a plist file which contains an array of dictionaries.  Here is one of them:\nFred     Dictionary\nName     Fred\nisMale   [box is checked],"Technical Java documentation with code examples and UI elements, mixing MSDN-style references with a specific method description about `System.out.println`.\n\nThe text ending ""See the Oracle Java documentation for 'Java2D Fundamentals' chapter http://docs.sun.com/source/816-6408/ncg_goldberg.html#..."" is a citation with a footnote, referencing a book's table of contents.\n\nFinal token ""http://docs.sun.com/source/816-6408/ncg_goldberg.html# "" is mid-sentence, likely completing a footnote or HTML anchor reference, expecting ""section_11_2"" or similar navigation marker."
53,0.6559802,0.6720101,f,69,270,512,117.2542,True,"Could not create service of type ScriptPluginFactory\nMy gradle has stopped working all of sudden. Current configuration is that:\n\nEnvironment variable as GRADLE_HOME, pointing to Gradle-3.2.1\n\nSimply ","Technical UI documentation format with code examples and UI element descriptions, showing a GitHub UI screenshot with a specific error message pattern.\n\nThe quoted string ""The build status bar is now showing the incorrect 'false' for a specific commit hash, 9f5f8f9f"" is mid-citation of a Git commit history condition, referencing a specific numeric identifier from a Microsoft UI bug.\n\nFinal token ""f"" is mid-string in a quoted numeric identifier (""f5f9f...f5f""), part of a parenthetical clause listing related bug identifiers (""a5f9f9f...""), expecting continuation like ""b9f"" or ""b9f9b""."
54,0.6550272,0.6724868, =>,589,232,512,122.333275,True,"Why I get this error ""MongoParseError URI malformed, cannot be parsed""?\nconst mongoose = require('mongoose');\nconst dotenv = require('dotenv');\n\nprocess.on('uncaughtException', err => {\n  console.log(","Structured React/Node.js app code with async/await pattern and error handling, following a popular course format with daily quotes and async lifecycle.\n\nThe final line ""process.exit(1)"" is a common Node.js shutdown sequence ending with `process.exit()` and `server.close()` inside a promise rejection handler, completing the shutdown procedure for the server.\n\nFinal token "" =>"" is mid-expression in a destructuring callback `(process.exit => process.exit()`, part of a death sequence clause (""process.exit()...then process.exit()...""), strongly expecting ""process.exit(1)"" or "" { process.exit() }"" to close the shutdown command."
55,0.65472573,0.6726372,1,16,13,201,114.48857,True,Can't loaded Package.appxmanifest in Visual Studio 2015\nI use Visual Studio 2015 in Windows 10. I create universal app for Windows 8.1. I need to open the file Package.appxmanifest (for Windows Phone ,"Technical/programming format with ""Visual Studio"" context suggests a user error or issue post about a missing reference or assembly in a Windows project.\n\nThe phrase ""Can't open 'ProjectName'"" strongly implies a title or question header, signaling a specific problem about a missing or corrupted DLL or project file, likely continuing with a UI or error message context.\n\nFinal token ""Can't"" opens a quoted title or phrase (""Unable to Cant""), part of a question structure ""Unable to 'Unable to load' "" — immediately expects ""load"" or ""s"" or ""3"" or ""of my project"" or ""this assembly"" — completing the problem description about inability to access a component."
56,0.65391916,0.67304075,  ,256,32,512,92.99955,True,"How do you maintain the imaginary part of a complex ndarray when transposing in Python?\nI have an np.ndarray t which contains complex numbers, generally like so:\n   {[[ 1.52999954e+04+0.00000000e+00j ","Python code snippet with numpy format, implying a numeric operation or matrix display context using pandas DataFrame.\n\nThe phrase ""import numpy as np\n   "" signals an example or output format, likely a matrix print or structured description of a sparse matrix with values, suggesting a formatted table or matrix view of the DataFrame's values.\n\nFinal token ""   "" is a whitespace continuation of ""      "" (a tabbed or formatted label), part of a description clause (""   ""), immediately expecting a matrix element or column label like ""A[0:5]"" or ""matrix"" or ""columns sum"" or ""a matrix with values like""."
57,0.65168256,0.67415893,-Type,10804,329,474,122.786415,True,"CSS to hide form input field\nI have an input field which currently looks like this:\n    \nI would prefer the value to be hidden like this:\n\nHere is the kicker, I know that giving the field a type=passw","Technical/mathematical web page format with Java applet display, following a structured HTML document with a graph and text description.\n\nThe quoted HTML code pattern ""This page is not framed... Content-Type: text/html"" mirrors a standard HTML header format, with the familiar ""Content-Type: application/x-www-form-urlencoded"" and ""Click here to view this page"" suggesting the standard MIME type header follows.\n\nFinal token ""Type"" ends mid-header (""Content-Type: Content-Type""), part of a quoted HTML attribute string (""Enter your browser's Content-Type""), immediately expecting "" to text/html"" or "" ; charset=iso-8859-1"" to complete the MIME declaration."
58,0.64947754,0.6752615,q,80,197,512,93.20493,True,"How to understand probability density function?\nI have a probability density function like this:\np(x) = $\begin{cases}1,&0\le x\le1 \\0,& \text{otherwise}   \end{cases}$\nI want to know how to understa","Mathematical answer format with LaTeX notation showing a function defined by a piecewise expression, discussing a probability density function.\n\nThe sentence structure ""Since $f(x)=1$ for $x\in[0,1]$ and $f(x)=0$ otherwise, the function is monotone increasing"" mirrors the earlier definition pattern, establishing a second question about the range of the absolute value function.\n\nFinal token ""equation\leq"" is mid-expression in a quoted definition clause (""for the function $f(x)\leq 1$ and $f(x)\leq""), expecting ""s 1$"" or ""s [0,1]"" to complete the interval description."
59,0.64791715,0.6760416,1,16,351,512,114.25934,True,"Splitting string into substrings of different lengths in R\nI have read similar subjects, but my substrings has different lengths (9,3,5 characters each) and for that have not found any answer. \nI need","R code output with formatted table structure showing `formatC` function results for a specific R object, demonstrating a pattern of showing digits and formatted values.\n\nThe example text mirrors the earlier concrete example (""First row: '111'""), directly showing the specific digits of the truncated number ""A111"" being printed, continuing the demonstration of the `substr` result.\n\nFinal token ""1"" ends mid-value (""B1111""), part of the concrete example's printed output sequence (""'111'""), immediately expecting continuation like ""01"" or ""A numeric"" or "" ... 1"" to complete the specific digit values shown for the truncated number."
60,0.647178,0.6764115,".

",382,260,332,105.20392,True,".toArray from ArrayList to Array convertion, data type confusion\nI have confused myself with typecasting with this problem. \nI have an ArrayList of chars that I want to convert into a String—an array ","Technical Java Stack Overflow answer with code context explaining `Optional` and `Scanner` usage, with informal tone and corrections.\n\nThe sentence ""So your original question is about reading the whole array...so I'd say your answer is almost correct with the Scanner"" signals a concluding remark or closing statement, likely completing the explanation about your actual intent or the `@Main` annotation.\n\nFinal token ""time.\n\n"" closes a parenthetical aside (""So your final version...so your actual problem is about reading the entire list...""), strongly expecting continuation like ""The answer is:"" or ""If you want to achieve this..."" or ""This part of your code is unnecessary"" or similar."
61,0.64682627,0.6765872,             ,1060,449,474,114.40693,True,SQL - Constructing regex for SELECT with the results of a subquery SELECT?\nI am finding myself in a situation like this.\nI have a table that looks something like this:\nTableA\nID  Name\n1   First\n2   Se,"SQL reference article with structured sections showing SQL expressions for ranking and aggregation, with code examples using Oracle syntax throughout.\n\nThe pattern ""Second version: COALESCE for non-nulls"" mirrors a SQL subquery definition with a second SQL expression pattern (""SELECT product_id FROM T GROUP BY product_id HAVING count(*) > 1""), now providing the SQL definition of ""most recent"" using `MAX`.\n\nFinal token ""              "" is mid-sentence within a quoted SQL subquery definition block (""SELECT ... WHERE ...""), immediately expecting "" ... FROM table WHERE col"" or "" ... product_id NOT IN (other conditions)"" continuing the correlated subquery clause defining the join condition."
62,0.646529,0.67673576, ::,3504,267,512,111.65585,True,Defining a function that satisfies a type in Haskell\nConsidering the type\nfoo :: a -> ((b -> a) -> c) -> c\n\nI want to create a function that satisfies this type...\nI know foo x y = y (\z -> x) satisfi,"Haskell code demonstration with formatted math notation showing `liftM2` usage, continuing a pattern of defining type-level expressions with `λ` and `show`.\n\nThe parenthetical expression mid-sentence (""evaluating: λ x :: Int → Int"") is listing type constraints with nested subexpressions, showing the concrete type `b` and its inferred behavior of `Int`.\n\nFinal token "" ::"" closes a parenthetical type expression mid-list (""b :: Int, b' :: Int ... b' ::""), immediately expecting the same type argument continuation like ""Int"" or ""the rest of the predicate"" or ""number"" to complete the nested type constraint description."
63,0.6457682,0.67711633,2,17,214,512,118.17044,True,Keras: TypeError Module is not callable (hyperas example)\nI am trying to run the complete example from https://github.com/maxpumperla/hyperas (copied below).\nCode from the example:\nfrom __future__ imp,"Python Keras code format with a classic model definition, following TensorFlow's MNIST dataset structure with a formatted model description block.\n\nThe pattern ""x_train = x_train.reshape((num_samples, 28, 28))"" mirrors the earlier numpy dtype specification (""x_train = x_train.astype('float32'""), establishing the same numeric format details about the training data.\n\nFinal token ""float32"" ends mid-value (""x_train = float32""), part of the dtype specification clause (""x_train = float32""), immediately expecting ""and"" or ""'; y_train = y_train"" or "" / 255"" to complete the data normalization."
64,0.64496654,0.67751706,.,13,283,512,110.0727,True,In how many ways can $5$ balls of different colours be placed in $3$ boxes of different sizes if no box remains empty?\n5 balls of different colours are to be placed in 3 boxes of different sizes. Each,"A mathematical derivation continues a sequence of combinatorial problems using cycle notation, now presenting a third count using the Principle of Inclusion-Exclusion.\n\nThe pattern ""We count the number of ways to arrange the four members with repetitions and then subtract the overcount. The product $4!$ counts the selections..."" mirrors a standard PIE formula, establishing a subtraction correction for overcounting.\n\nFinal token ""Exclusion."" closes a parenthetical clause mid-sentence (""The product $4!$ counts the number of ways to choose the teams and the subsets. The number of arrangements is $4!$""), expecting continuation like ""However, we must subtract..."" or ""But this overcounts."""
65,0.6435471,0.6782266,";
",463,64,479,103.28348,True,CSS Word wrap is not working on <a> tag\nI am using Word-wrap:brakword for tag:a. If it overflows the width:100px;\nHow tag:a looks like:\n\nHow tag:a Should be:\n \nMy Code looks like:\n\n\ndiv{\r\n    width: 5,"Indian web developer format with code snippet structure (""CSS"") suggesting a UI or HTML context with a question about responsive design.\n\nThe text ""div .box { background-color : red; width : 100%; "" begins a CSS block pattern, implying a second code block or attribute continuation, likely completing the original question about the container's style or behavior changes.\n\nFinal token ""style;\r\n"" closes an incomplete attribute assignment (""css : .container { width : 100%;\r\n""), strongly expecting continuation like ""style:..."" or ""end;"" or ""the box"" or ""    height:..."" or ""    ...other styles"" to complete the quoted CSS block."
66,0.643414,0.67829317,cr,5082,339,421,116.825485,True,Equivalent notations for second partial derivative of a quadratic form\nI noticed this notation while going through a tutorial on matrix calculus:\n$$ \frac{\partial x^TAx}{\partial xx^T}\n   = \frac{\pa,"Wikipedia math reference format with LaTeX equations and structured sections, now presenting a matrix equation with derivative calculations for a function `f`.\n\nThe pattern ""Define the gradient of `log Z` and set to zero:"" is mid-expression, showing a matrix differential equation with two lines of derivative expressions, followed by a standard matrix equation format with `dZ/dt`.\n\nFinal token ""cr cr"" ends an incomplete equation block ("" y' = 0, \n dZ/dt = 0, cr cr""), immediately expecting continuation like "" & y"" or "" &= &"" or "" \n &= 0"" to complete the derivative definitions and solve for variables."
67,0.640605,0.6796979,0,15,149,409,102.448166,True,"How to collapse the space above a pie chart and below the axis title in Matplotlib?\nFor some reason, I'm getting a huge space between a pair of pie charts and their titles.  I'm not sure what's contro","Python code documentation style with a figure caption showing a Matplotlib subplot example, establishing technical context around a chart with labeled axes.\n\nThe pattern ""import matplotlib.pyplot as plt\nax = fig[0"" mirrors a typical subplot usage pattern (""ax = fig[0]""), strongly implying the code continues with the first subplot's plot function to display the bar chart.\n\nFinal token ""0"" is mid-expression (""ax = fig[0""), part of a variable assignment sequence (""ax = fig[0""), immediately expecting ""]"" or "" ; ax"" or ""a subplot"" to complete the subplot index, then likely "" ;"" or ""and"" followed by the second subplot's bar chart."
68,0.637603,0.6811987,|r,62640,33,390,123.09039,True,stuck on a echelon form row reduction question\nHow do I row-reduce this augmented matrix?\n$$\n  \left[\begin{array}{rrr|r}\n    1 & 2 & -1 & -3 \\\n    3 & 5 & k & -4 \\\n    9 & k+13 & 6 & 9\n  \end{array,"Math forum post format with LaTeX notation showing a linear system of equations, suggesting a worked solution or augmented matrix format.\n\nThe expression ""x+y+z=2w\mid"" follows a pipe-delimited augmented matrix format (""|A|B|""), implying a system of equations with a vertical bar and a right-hand column, likely defining the solution or augmented variable.\n\nFinal token ""|r"" is mid-expression inside a LaTeX pipe-delimited bracket (""|x+y+z||\mid""), part of a column specification pattern (""[x+y+z |r""), strongly expecting ""c"" or ""solution"" or """"]"" to close the augmented matrix structure and define the equation."
69,0.63237447,0.6838131, --,1177,207,433,117.10723,True,"Aggregating numpy masked arrays\nI'm working with numpy masked arrays and there is a trivial operation I cannot figure out how to do it in a simple way. If I have two masked arrays, how can I get them ","Technical Python code output format with structured pattern of matrix operations using SMT solver, showing a specific substitution result for a matrix with NaN values.\n\nThe quoted sequence ""print 'A * B = -- --' output: 'B  --"" mirrors a pattern listing two possible values (""1 --""), implying the third entry continues with ""NaN"" or similar placeholder for the remaining undefined cell.\n\nFinal token "" --"" is mid-value in a sequence of placeholder entries (""2 --""), part of a parenthetical list of output values (""Result: '1 --""), strongly expecting ""NaN"" or "" 0]"" to complete the pattern of masked cells showing undefined behavior."
70,0.6307109,0.68464494,{,90,444,512,84.36129,True,Isomorphism of Quotient Fields\nAre the two fields $\mathbb R[x]/\langle(x^2+1)\rangle $ and $\mathbb R[x]/\langle(x^2+x+1)\rangle $ isomorphic?\nSolution\nNow $\mathbb C$ is algebraic over $\mathbb R$ .,"Mathematical exposition with structured proof format, discussing complex analysis and matrix operations using LaTeX notation, with a specific example about complex numbers and field extensions.\n\nThe sentence ""For example, we can find the square root of -1 in the form $a+b\sqrt{2}$ to find the roots of $x^2+1=0$"" mirrors a specific complex number identity about imaginary unit.\n\nFinal token ""√{ "" opens an incomplete parenthetical expression mid-sentence (""the square root of $i^{2}$""), directly continuing the pattern of describing the imaginary unit's properties, strongly expecting ""2}}"" or ""i}}"" to complete the complex conjugate context."
71,0.62979734,0.6851016,s,82,157,169,107.12804,True,Find last occurance of a Value from a selcted Ms Excel Cells\nI have data like below with delimiter @\nIam@here@for@the@first@time@stop\nI would like to Print 'time' by skipping 'stop'.\nAny Excel Formula,"Structured Excel formula documentation with code examples and UI elements, now presenting a SQL query with XML formatting pattern.\n\nThe quoted XML string mid-sentence (""SELECT * FROM <xsl:for-each select='*'>...<xsl:text> <data>...</data></xsl:for-each> <s</s"") is a SQL XML formatting example showing an HTML table closing tag structure.\n\nFinal token ""s"" is mid-tag (""</s""), part of the closing XML tag sequence "" <tr><td>...<xsl:text> </td</xsl:element>"", expecting ""></tr>"" or "" <xsl:element>"" to close."
72,0.62781197,0.6860943,     ,414,265,370,111.58739,True,"How to take this element inside array\nHello,\nI will take a specific element inside this code. just ambassador-main-logo.png\nMy problem is this element can change 4 => and take another number. Goal sav","PHP code block with formatted array output using Laravel's `dd` method, showing property values for a `stdClass` object with `name`, `description`, `created_at`, `updated_at`.\n\nThe pattern mirrors the earlier array structure listing keys with their values (""array:5""), repeating the numeric index values for `$data[0]`, `$data[1]`, etc.\n\nFinal token ""      "" is mid-value of the third repeated key-value pair (""      array:5      ""), directly continuing the closing parenthesis of the second array index example (""      'id' => array...""), strongly expecting ""1 => '123'"" to close the numeric index comparison."
73,0.6254182,0.68729115,"+"")",57224,429,512,123.82617,True,How to check that a string is parseable to a double?\nIs there a native way (preferably without implementing your own method) to check that a string is parseable with Double.parseDouble()?\n\nThe common ,"Technical JavaScript documentation format with code examples using ES6 `Number.prototype.toSource()` method, listing ECMAScript specification regex patterns for NaN values.\n\nThe quoted regex pattern mid-sentence (""The second set of patterns for float numbers"") mirrors a complex regex structure with parenthetical subpatterns for exponent notation, completing the IEEE format specification for `Number.prototype.toExponential`.\n\nFinal token ""exponent+"") is mid-pattern within a second parenthetical clause (""((value)(e[+-]?[0-9]+)(e[+-]?"")...""), expecting ""?)"") or ""?)"") to close the third subpattern, completing the list of optional exponent cases for NaN formatting."
74,0.6250308,0.68748486, j,502,253,512,110.42771,True,Rails AJAX and webpacker\nI am using 5.2 with webpacker. It's a simple restaurant app with reviews.\nThe reviews have a column content and rating.\nIn my app/javascript/plugins I run a little script that,"Ruby on Rails code snippet with a spec helper method defining a view helper for creating a post index, following Rails conventions and formatting.\n\nThe sentence ending ""rendering the show view with: `html: render @post`"" mirrors a Rails helper call with `jbuilder`, showing the JSON output of the post's attributes; the pattern ""render jbuilder partial with the post's HTML"" continues.\n\nFinal token ""j"" is mid-expression ("" j m j""), part of a nested `render json: j` clause listing the JSON output content, strongly expecting ""post.to_html"" or ""the post's rendered content"" or "" @post.to_json)"" to close the block."
75,0.62500864,0.6874958,7,22,143,512,110.48815,True,ffmpeg unable to find encoder 'libvorbis'\nI'm unable to transcode a video file to webm because my machine isn't able to find libvorbis.  When I run the following command:\nffmpeg -y -i /public/uploads/,"Web design/technical reporting format with quoted statistics and image caption structure, showing a Photoshop script context with numeric formatting.\n\nThe quoted string ""exposure -1.5999997"" is mid-value, with a parenthetical mathematical expression referencing a floating-point number for aspect ratio (""1.7777777""), suggesting a truncated or formatted numeric constant.\n\nFinal token ""7"" ends an incomplete quoted numeric value (""1.7777777""), part of a quoted string of aspect ratio constants, strongly expecting ""4"" or ""5"" or ""...and"" to close the fraction, completing the negative infinity notation."
76,0.62286335,0.6885685,/t,5523,289,329,113.06824,True,Failed while importing understand\nI am facing an error\nimport understand\n\nImportError: DLL load failed while importing understand : The specific module could not be found.\n\nCan someone help?\nNote : I ,"Technical MATLAB UI documentation with code examples showing histogram normalization, with a section addressing Excel worksheet memory usage and performance.\n\nThe sentence ending ""a related post discusses the issue of empty column in qnx 4.6.1 https://www.mathworks/t"" appears to be a reference to a forum or knowledge base article, likely a specific technical note or workaround about Excel's parallel solver behavior.\n\nFinal token ""t"" is mid-sentence in a quoted URL reference (""mathworks/t""), part of a parenthetical citation or forum link, expecting continuation like ""parallel-solver/normalization/issue/1234"" or ""empty-worksheet-display/fix""."
77,0.6225724,0.68871415,"

",271,392,422,102.79881,True,"Mysqli select multiple row with same id and sum then return in PHP\nI am having trouble with return sum data in MYSQLI and PHP. Here is my database.\n\nFor example,i choose user_id = '0', and i need to s","Bash script with PHP code corrections and explanations, showing a loop structure with `$_POST` values being checked for the `name` field.\n\nThe answer section ""Your code looks almost correct, but you mentioned the json_decode part... It seems your JSON file is not closed"" suggests a closing remark or fix, now addressing the original question about your `print_r` attempt.\n\nFinal token ""part\n\n"" ends an incomplete phrase (""Your code above says 'The JSON part is wrong... your json_decode function""), strongly expecting ""Your `print_r` code is correct"" or ""The issue with your JSON variable is not the one shown"" or similar confirmation of the posted code fix."
78,0.6223435,0.68882847, ,220,410,512,109.47035,True,Untrusted Cloudflare SSL Certificate\nI'm just dipping my toes into the water with SSL certificates and figured I'd try Cloudflare's free offering...\nI'm trying to secure a sub-domain that hosts map ti,"Technical product documentation format with a ""Speed Cloud"" UI explanation, structured around CDN performance metrics and SSL/HTTPS details.\n\nThe sentence ""In order for CloudFlare to serve traffic from the browser, the user must have the browser already connected to the CDN"" is mid-explanation, with a quoted claim about traffic behavior conditions, continuing a technical clause about analytics scope.\n\nFinal token ""  "" closes an incomplete clause (""only traffic from an  URL  experience this for a Chrome browser user's traffic stream""), expecting continuation like ""that are within the Cloudflare network"" or ""if they have enabled the service"" or ""that have visited the site via HTTPS."""
79,0.6216741,0.6891632,2,17,335,512,102.968506,True,"Is there a function that allows to convert a column with ""hh:mm:ss"" into seconds (like 12:30:05 => (12*60+30)*60+5)\nI have a data frame with a column named ""system state"". There are different states, ","Structured Python API response with formatted date calculations using regex pattern, showing formatted timestamps from a sequence of clock data.\n\nThe pattern ""Output: 15:45:32 138 7200 79"" continues listing time values from the countdown sequence, with the third item ""82"" being a specific minute count derived from ""2 hours ago.""\n\nFinal token ""82"" is mid-number in a third timestamp value (""82""), part of a comma-separated sequence of calculated minutes (""82...""), immediately expecting ""48min"" or ""58min"" or ""4800"" to complete the countdown duration."
80,0.6206166,0.68969196,li,742,240,512,115.10256,True,"Click event when on resize not triggered\nI'm having some difficulties with a certain click event, on window resize. \nHere's the run-down:\n\nwhen the screen is smaller than a value, a li item that has c","Arabic/HTML markup with CSS/JavaScript code structure demonstrating a responsive navigation menu using jQuery, establishing a pattern of markup examples.\n\nThe example code block begins listing menu items with `ul` structure (""$('.menu li').each(function()""), showing the first item (""Home"") with a class, suggesting continuation of a list of menu items or nested structure.\n\nFinal token ""li"" ends mid-item in a specific list item example ("" <li> ""), part of an opening sequence of menu items ("" <li class='first'> ""), strongly expecting continuation like "" <li class='other items'>..."" or "" <li class='...'>other items"" or similar list content."
81,0.620135,0.68993264,\Http,7051,93,512,149.05318,True,Laravel login redirects back to login page\nI'm a beginner to Laravel 5.5.* and I'm trying to create a login page. \nwhenever i click the login button i'm redirected back to the login form.\nHere are my ,"PHP code snippet with a clean, structured blog post format using Laravel's resource controller syntax, showing a custom User model class definition.\n\nThe pattern ""class DashboardController extends Controller { $this->Http"" mirrors a Laravel controller template, immediately following ""A custom User controller"" with a standard Laravel namespace reference, suggesting continuation of a method or trait declaration.\n\nFinal token ""Http"" is mid-phrase in ""Illuminate\Http"" — part of a namespace declaration (""class $this->Http""), directly continuing the opening method signature pattern (""public class App\Http""), strongly expecting ""Controllers\Controller"" or ""ControllerController;"" or ""Models\Controller"" to complete the inherited class reference."
82,0.6195757,0.6902124,column,6229,371,512,101.91513,True,"How to group by one column, take max for each group, and retain information of the other groups?\nI have data like this:\ncolumn1    column2   column3\nA          V         10\nA          Z         11\nA  ","Sri Lanka SQL query format with structured code blocks showing joins and aliases, now presenting a SQL expression using `coalesce` to extract nested record fields.\n\nThe final example ""select t1.student.column1,t2.student.column2 from (select * from student alias column) t.column"" is mid-expression, showing a JSON path alias format with a specific field value extraction pattern.\n\nFinal token ""column"" ends an incomplete quoted expression (""t2.student.column.column""), part of a parenthetical result expression breakdown (""alias.t.column1.value""), expecting ""1"" or ""2"" or ""value"" to close the JSON object field name, completing the alias extraction result."
83,0.619271,0.69036466, See,3496,237,512,86.092476,True,"Using dictionaries, thesauruses, and similar databases, construct as large of a ""See also"" loop as possible\nAs I'm sure many of you know, synonyms can range from very similar to not-so-similar-but-I-c","User-generated humor/definition format with informal tone explaining circular definitions, establishing a pattern of creating a ""vicious cycle"" example using ""dog"" as a word.\n\nThe sentence structure ""An example of this is: 'Dog → Animal → Dog → Animal → Dog'... which cycles through a list of words that all lead to 'Dog'"" mirrors the proposed flawed loop.\n\nFinal token ""See"" is mid-sentence in a second example (""The sequence: 'Dog → Apple → Apple → Apple... See...""), strongly expecting ""not Dog"" or ""again the original definition"" to complete the circular joke, continuing the pattern of listing words that form a loop."
84,0.61865205,0.6906741,--,313,448,512,128.89394,True,dpkg oracle Jdk error while installing cassandra in Ubuntu 16.04\nI am trying to install Cassandra on aws ec2 free single node ubuntu instance. I am following this link https://wiki.apache.org/cassandr,"Technical Linux package download output with formatted CLI output blocks showing Debian/Ubuntu package installation details, including a truncated wget URL sequence with HTTP error handling.\n\nThe quoted block mid-sentence (""Resolving... [download] 100%..."") is a nested wget URL sequence demonstrating the second redirect, with the pattern ""http://... --"" repeating a second URL.\n\nFinal token ""--"" closes a quoted URL mid-sequence (""3. Downloading... [download] 3. Try another address: http://...--""), immediately expecting ""  http://mirrors..."" or ""  <new URL>"" continuing the redirect chain of failed HTTP requests for the mirror."
85,0.6183719,0.6908142,.,13,248,512,98.751,True,Interpretation of interaction and main effect in a mixed model when one is significant and the other is not\nI have repeated (x4) measurements on 90 subjects. The outcome is zero inflated.\nThe model ou,"Structured health statistics format with numbered bullet points listing correlation data, using formatted citations from a scientific source.\n\nThe quoted formula ""The regression showed: BMI -0.14, SD -0.12; and the correlation was -0.05, 0. "" mirrors a second statistical value mid-sentence describing the z-score pair's negative trend, completing a ""absent activity"" term.\n\nFinal token ""0. "" is mid-number in a parenthetical expression ("" -0. ... and -0. ""), immediately expecting ""15"" or ""01"" or ""33"" to complete the paired z-score interpretation of the negative sign."
86,0.6179418,0.6910294,},92,474,512,114.37801,True,Determine $\lim_{n\rightarrow \infty} \frac{1}{2\ln(2)} + \frac{1}{3\ln(3)} + \dots + \frac{1}{n\ln(n)} - \ln(\ln(n))$\nThe problem is stated as following:\n\nDetermine $\lim_{n\rightarrow \infty} \frac{,"Mathematical forum post with structured proof exposition, presenting a limit proof involving harmonic series and integral bounds with LaTeX formatting.\n\nThe equation mid-sentence ""Then the series defined by the harmonic sum with the denominator: \(\frac{1}..."" mirrors the earlier definition of the sequence, now showing the specific term expression for the harmonic term with the denominator adjusted.\n\nFinal token ""1"" is mid-expression in a fraction term ("" \frac{1""), part of a concrete formula derivation step (""Then \(\frac{1}""), immediately expecting "" {n(n + 1)}"" or "" {a_n}"" or "" {n log(n))} to complete the fraction."
87,0.6177122,0.69114417,"',",516,198,361,102.88208,True,"react-native-actionsheet get selected value\nI am using react-native-actionsheet to show dropdown in iOS, I was able to get the selected index, however, I don't know what is the syntax to get the selec","Python code snippet with UI testing context showing datepicker format validation, listing variable names with formatted values using a loop.\n\nThe quoted string mid-example (""df = pd.DataFrame([ 'India', 'UK', 'NY', NE)"") appears to be an incomplete list of specific region values with a parenthetical example of a nested dictionary value (""some code, NE""), suggesting more similar values or errors.\n\nFinal token ""NE"" ends an incomplete quoted list item (""'ES', 'FO', NE""), part of a parenthetical example of previous incorrect values, expecting continuation like "" 'SW', 'other'"" or "" 'S'"" or "" 'other regions'"" to complete the enumeration."
88,0.6172079,0.6913962," 
",715,144,512,108.534935,True,"join in data.table keeping column ids\nI want to keep the column (=""person"" in the dataframe)  after performing a join in a data.table. I was able to get something close to the desired output but it re","R statistical function format with R code examples showing correlation calculations, using a specific variable name pattern (""data.frame"") with quoted values.\n\nThe sentence structure ""cor(iris$X1,iris$X2,iris$X3,...) and cor(c(1:1000),iris$X15, "" implies a list of mean values for a second dataset with missing values.\n\nFinal token ""true\n"" closes an incomplete quoted list mid-sentence (""mean(c(150, \n""), strongly expecting ""iris$X16)"" or ""iris$X20)"" to complete the second set of named observations with similar missing data context."
89,0.61684847,0.69157594,_{,15159,455,512,86.1236,True,"Finding $\lim_{x\to1}f(x)$ given $\lim_{x\to1}\frac{f(x)-8}{x-1}=10$\n\nIf $\lim_{x\to1}\frac{f(x)-8}{x-1}=10$, then find $\lim_{x\to1}f(x)$.\n\nMy solution was as follows:\n\begin{align}\n\lim_{x\to1}\frac","Mathematics notation with structured proof format using properties of limits, showing step-by-step verification of a product rule for sums.\n\nThe pattern ""2. Also we know that lim (a+b) = lim a + lim b"" mirrors the earlier sequence of summing terms, completing the third property with the same pattern of zero product and zero sum of individual limits.\n\nFinal token ""_{ "" opens the third instance of the same summation notation pattern (""lim_{n→∞} sin(n) + cos(n) = 0 and lim_{n→∞} a_n = ...""), strongly expecting ""n→∞ b_n} = 0"" or ""a+b = 0."""
90,0.61628526,0.69185776, each,1817,260,512,106.54995,True,"Are 6 octet UTF-8 sequences valid?\nCan UTF-8 encode 5 or 6 byte sequences, allowing all Unicode characters to be encoded?  I'm getting conflicting standards.  I need to be able to support every Unicod","Technical Wikipedia format with structured encoding specification, following RFC standards for Unicode character encoding (UTF-8).\n\nThe quoted definition mid-sentence (""The byte values of the remaining bits of each character are given as up to eight 8-bit bytes in each encoded value..."") is completing a formal specification of the UTF-8 byte length breakdown, with the standard clause about extra bytes per codepoint.\n\nFinal token ""each"" ends an incomplete phrase (""in each""), part of a parenthetical clause describing byte counts (""the number of 8-bit bytes in each...with up to six bytes in each""), expecting ""byte to represent the remaining bits"" or ""encoded byte being..."""
91,0.6139031,0.69304866,thesis,13189,416,512,130.06285,True,How do I reproduce Relax NG rules in C++ objects?\nAt the momemet I am working on part of my application where I need to parse Relax NG schema and reproduce rules within file in C++ objects. I start wi,"Technical C++/Java discussion with code examples and opinions about serialization, now transitioning to a second answer about generating C++ headers via XSD.\n\nThe sentence ""If you want to generate XML schema from C++ classes you can use JAXB or Synesis"" mentions a specific tool (SynthesisX), suggesting a software product or compiler library name completion about XML schema compilation tools.\n\nFinal token ""Synthesis"" is mid-phrase (""Synthesis... with Synthesis""), part of a parenthetical suggestion (""use Boost.XSD instead of GNU's XSD via Synthesis""), expecting ""XSD"" or ""Zorba"" or ""XSD compiler"" to complete the tool recommendation."
92,0.61283606,0.6935825,-building,51399,233,474,115.78538,True,"jQuery and data-attributes to handle all ajax calls?\nI'm thinking of a way to reduce the amount of javascript code by enabling ajax on links from attributes. Example:\n<a href=""/Default/Link.html"" data","Code sample with ASP.NET MVC context, showing async/await and Knockout.js integration, with a technical blog reference pattern.\n\nThe quoted reference ""Scott Hanselman's Mvc4 walkthrough"" is mid-citation of a famous MSDN article (""ASP.NET MVC building a simple MVVM application""), suggesting a list of related MSDN articles or sample code topics like webapi, MVVM, or security.\n\nFinal token ""building"" ends an incomplete article title (""mvc4-building""), part of a quoted reference list item (""http://www.asp.net/mvc/mvc4-building""), strongly expecting continuation like ""webapihttpcontext"" or ""viewmodels"" or ""asynchronousdata""."
93,0.6092568,0.6953718,':,1210,140,512,97.829285,True,"Pandas: how to select dataframe rows with a Series of values that must be matched?\nGiven a selector Series, that is a Series treated as a query of a DataFrame in that the selector Series's index is a ","Python pandas documentation format with code examples demonstrating `DataFrame.query` usage, showing a specific query pattern with `df.loc[(df.A==1) & (df.B==2)]`.\n\nThe sentence structure ""I want to test the condition: df[1,2] == [3,4] and print the row where values are 1, "" mirrors the example, establishing the specific values being checked.\n\nFinal token ""': "" is mid-expression inside the second quoted example value (""df[2,3]:""), directly continuing the pattern ""match values 3,2"", strongly expecting ""4]"" or ""1,2)"" to complete the specific condition."
94,0.60757124,0.6962147, module,4688,441,512,107.90626,True,"Is it possible to dynamically change the name of a read Fortran namelist?\nI would like to do something like:\n(in pseudo code)\nFor all x in my_namelist_list\n  Read(unit_number,nml=x)\n  ...\n  some other","Technical Fortran code example with structured sections demonstrating matrix operations using modules, with a worked example showing `mod1` defining constants and `mod2` defining a function.\n\nThe pattern ""module mod1 contains the constant definitions"" introduces a second module definition block with ""module test"" and ""module mod2"" — the text is now listing modules sequentially, suggesting continuation of the second module's content.\n\nFinal token ""module module"" closes the second module declaration (""module mod2 contains...""), immediately expecting ""mod2"" or ""test"" or ""module mod2"" to complete the second module definition, likely followed by a usage example or continuation of the code demonstration."
95,0.60482585,0.6975873, transform,5165,34,309,126.64809,True,Inverse Fourier transform using Residues for a ratio of hyperbolic functions.\nI'm new and glad to be here. I have a problem relating to an inverse Fourier transform. I have\n$$g(w)= \frac{\sinh{w(a-b)},"Math/Physics forum post format with user asking for help on a complex integral involving the inverse Fourier transform of a Gaussian function.\n\nThe phrase ""So I'm having some trouble with an inverse fourier transform... relating to a Fourier transform problem"" signals the original context, strongly implying the post will continue describing the specific integral difficulty or a known result about the transform being non-zero.\n\nFinal token ""transform"" ends mid-phrase (""an inverse fourier transform""), part of a repeated framing clause (""regarding a Fourier transform integral problem""), expecting continuation like ""that I'm struggling with"" or ""of a particular function"" or ""which I've been trying to evaluate."""
96,0.60342807,0.6982861,�,113,240,512,106.3072,True,"Regex to match digit-like but not pure-digit strings\nLet's say I have two character classes, [1234] (call it ""pure digits"") and [⓵⓶⓷⓸] (call it ""funky digits""). I can create a mixed character class li","Code formatting with regex examples demonstrating `String.prototype.pad` behavior, using a pattern of quoted examples with parenthetical expressions showing invalid characters.\n\nThe example ""Test `#{₁`"" mirrors the earlier pattern ""Create a variable with a regex that contains the emoji"" and specifically targets the Japanese number ""1"" as the starting value of the array.\n\nFinal token ""��"" is mid-expression inside a quoted example (""<₁""), part of a parenthetical list of allowed values (""[「��""), immediately expecting continuation like ""0-9]"" or ""A-Z]"" or ""Kanji...]"" to complete the specific emoji value being tested."
97,0.6034075,0.69829655,ation,367,141,512,110.655594,True,"Analytical solution of the ODE\nConsider the following boundary value problem.\n\begin{equation*}\n    \begin{split}\n        u=x^2u'+\frac{x^3}{3}u'', &\quad u(0)=A, \quad u(1)=B\n    \end{split}\n\end{equ","Student math forum post structure with LaTeX formatting and differential equation context establishing a problem-solving task about finding a PDE expression.\n\nThe sentence ""So I am trying to show that the following equation is equivalent to the original PDE:"" presents a sequence of equations, with the first equation shown as a simplified form (""The differential equation is now""), implying the second equation follows similarly.\n\nFinal token ""equation"" closes the second equation display (""the following PDE can be written as the following differential equation:\n\n\begin{equation}...""), strongly expecting ""equation"" or ""s and then proceed to solve"" or ""s, and the remaining terms are..."""
98,0.6028973,0.6985515,",",11,249,512,99.719864,True,"Counting lines from a csv file\nI am trying to count the amount of r,t, and c's in the below csv file.  \nI am currently returning the values 4 c's 0 r's and 3 t's, which is not an accurate result. Can ","Textual/Excel format with numbered list of code snippets showing data manipulation and formatting in a student's Excel file, listing specific date values and numbers.\n\nThe example sentence mid-list (""some of the numbers i have entered are: 1,2,3,4,5,6,7"") continues with additional specific data points from another column's repeated values, suggesting more comma-separated numbers.\n\nFinal token "" , "" is mid-item in a second example list of specific dates (""2017,11,2,2,"") with ""two times, 2017,"" implying continuation of similar numeric data points or a contrasting value like ""12,13""."
99,0.60144264,0.69927895,password,3833,438,512,99.44958,True,"How to process nested json with FOSRestBundle and symfony forms\nBy nested json I mean something that keeps address data in its own ""address"" array:\n{\n  ""user"": {\n    ""id"": 999,\n    ""username"": ""xxxx"",","PHP code example structure with formatted class definition using `FormBuilder` and `Builder` traits, demonstrating a chained constructor with multiple attributes.\n\nThe pattern ""So I've defined my form like this:"" mirrors earlier code blocks showing the combined attributes (""password, name, email""), with the final line listing two methods (""password, passwordGenerator, passwordManager"").\n\nFinal token ""password"" closes a repeated method list mid-sentence (""this->setAttribute('name', 'create', 'read', 'update'). this->setAttribute('default', 'read', 'passwordManager password'""), strongly expecting "";"" or """"); followed by ""and the new attribute"" or """"); to complete the constructor."
100,0.6005236,0.6997385,'),863,93,512,93.945076,True,"Store Python function in JSON\nSay I have a JSON file as such:\n{\n  ""x"":5,\n  ""y"":4,\n  ""func"" : def multiplier(a,b):\n               return a*d\n}\n\nThis over-simplifies what I want to try and do, but basic","Python code snippet format with informal tone and variable usage context suggesting a data science or pandas script about loading JSON data into a model.\n\nThe phrase ""So i was trying to load a json file with json.load(open('data.json'))"" implies a question structure or code block setup, strongly implying the next tokens continue referencing the JSON dictionary structure or the load process to extract values.\n\nFinal token ""') "" closes an incomplete expression (""with json.load(open('data.json'))""), part of a question setup clause (""When I tried: json.load with json.load(data.json)""), expecting continuation like "" as df"" or "" I load the data:"" or ""...into a dictionary, do...""."
